INVENTORY_ID,JURISDICTION,OWNER_TYPE,OWNER_NAME,STANDARD_TYPE,STANDARD_VERSION,STANDARD_ID,STANDARD_REVISION,DOCUMENTATION_TITLES,SRC_DATA_FORMAT,PRODUCTION_YEARS,PUBLICATION_DATE,ACQUISITION_PERSON,ACQUISITION_DATE,ACQUISITION_TYPE,ACQUISITION_LINKS,CONTACT_INFO,DATA_AVAILABILITY,REDISTRIBUTION,PERMISSION,LICENSE_AGREEMENT,LICENSE_AGREEMENT_URL,PHOTO_YEAR_SRC,PHOTO_YEAR_START,PHOTO_YEAR_END,TRANSLATED_BY_ULAVAL,TRANSLATED_BY_CFS,TEST,PARALLEL_GROUP,NB_OF_CONVERTED_POLYGONS,COMMENT
AB01,Alberta,PROV_GOV,CROWN,AVI,2.1,AVI01,UNKNOWN_VALUE,AVI 2.1 manual,ESRI_E00,UNKNOWN_VALUE,UNKNOWN_VALUE,Steven G. Cumming,2004,UNKNOWN_VALUE,NOT_APPLICABLE,"Harry Stelfox, Data Distribution Resource Data Division Lands and Forest Service Alberta Environmental Protection 9820, 106 Street, Edmonton, Alberta, T5K 2J6 Datadist@env.gov.ab.ca, 427-7374 (Ph), 422-0973 (Fx)",NOT_APPLICABLE,REQUIRES_AGREEMENT,RESTRICTED,EXPIRED,NOT_APPLICABLE,SPATIAL_JOIN,1996,1996,NO,NO,NO,1,0,Not used in CASFRI v3. Has been replaced by AB_0025 that have a better coverage. Only FMU S7 and P11 was kept. Contact info was provided in the description of the data (READ ME.doc)
AB02,Alberta,PROV_GOV,CROWN_ALPAC,AVI,2.1,AVI01,UNKNOWN_VALUE,AVI 2.1 manual,ESRI_E00,UNKNOWN_VALUE,UNKNOWN_VALUE,Steven G. Cumming,2004,UNKNOWN_VALUE,NOT_APPLICABLE,"Harry Stelfox, Data Distribution Resource Data Division Lands and Forest Service Alberta Environmental Protection 9820, 106 Street, Edmonton, Alberta, T5K 2J6 Datadist@env.gov.ab.ca, 427-7374 (Ph), 422-0973 (Fx)",UNKNOWN_VALUE,REQUIRES_AGREEMENT,RESTRICTED,EXPIRED,NOT_APPLICABLE,SPATIAL_JOIN,-8886,-8886,NO,NO,NO,1,0,Not used in CASFRI v3. Received under BEEST project
AB03,Alberta,PROV_GOV,CROWN_BLUERIDGE,AVI,2.1,AVI01,UNKNOWN_VALUE,AVI 2.1 manual,ESRI_E00,UNKNOWN_VALUE,UNKNOWN_VALUE,Steven G. Cumming,2004,UNKNOWN_VALUE,NOT_APPLICABLE,"Harry Stelfox, Data Distribution Resource Data Division Lands and Forest Service Alberta Environmental Protection 9820, 106 Street, Edmonton, Alberta, T5K 2J6 Datadist@env.gov.ab.ca, 427-7374 (Ph), 422-0973 (Fx)",UNKNOWN_VALUE,REQUIRES_AGREEMENT,RESTRICTED,EXPIRED,NOT_APPLICABLE,SPATIAL_JOIN,1990,1998,YES,NO,NO,1,61633,Received under BEEST project
AB04,Alberta,PROV_GOV,CROWN_CANFOR,AVI,2.1,AVI01,UNKNOWN_VALUE,AVI 2.1 manual,ESRI_E00,UNKNOWN_VALUE,UNKNOWN_VALUE,Steven G. Cumming,2004,UNKNOWN_VALUE,NOT_APPLICABLE,"Harry Stelfox, Data Distribution Resource Data Division Lands and Forest Service Alberta Environmental Protection 9820, 106 Street, Edmonton, Alberta, T5K 2J6 Datadist@env.gov.ab.ca, 427-7374 (Ph), 422-0973 (Fx)",UNKNOWN_VALUE,REQUIRES_AGREEMENT,RESTRICTED,EXPIRED,NOT_APPLICABLE,SPATIAL_JOIN,1988,1995,NO,NO,NO,1,0,Not used in CASFRI v3. Received under BEEST project
AB05,Alberta,PROV_GOV,CROWN_DAISHOWA,AVI,2.1,AVI01,UNKNOWN_VALUE,AVI 2.1 manual,ESRI_E00,UNKNOWN_VALUE,UNKNOWN_VALUE,Steven G. Cumming,2004,UNKNOWN_VALUE,NOT_APPLICABLE,"Harry Stelfox, Data Distribution Resource Data Division Lands and Forest Service Alberta Environmental Protection 9820, 106 Street, Edmonton, Alberta, T5K 2J6 Datadist@env.gov.ab.ca, 427-7374 (Ph), 422-0973 (Fx)",UNKNOWN_VALUE,REQUIRES_AGREEMENT,RESTRICTED,EXPIRED,NOT_APPLICABLE,SPATIAL_JOIN,1996,1996,NO,NO,NO,1,0,Not used in CASFRI v3. Received under BEEST project
AB06,Alberta,PROV_GOV,CROWN_GRODONBUCHANAN,AVI,2.1,AVI01,UNKNOWN_VALUE,AVI 2.1 manual,ESRI_E00,UNKNOWN_VALUE,UNKNOWN_VALUE,Steven G. Cumming,2004,UNKNOWN_VALUE,NOT_APPLICABLE,"Harry Stelfox, Data Distribution Resource Data Division Lands and Forest Service Alberta Environmental Protection 9820, 106 Street, Edmonton, Alberta, T5K 2J6 Datadist@env.gov.ab.ca, 427-7374 (Ph), 422-0973 (Fx)",UNKNOWN_VALUE,REQUIRES_AGREEMENT,RESTRICTED,EXPIRED,NOT_APPLICABLE,SPATIAL_JOIN,1996,2000,YES,NO,YES,1,11484,Received under BEEST project
AB07,Alberta,PROV_GOV,CROWN_MANNINGDIVERSIFIED,AVI,2.1,AVI01,UNKNOWN_VALUE,AVI 2.1 manual,ESRI_E00,UNKNOWN_VALUE,UNKNOWN_VALUE,Steven G. Cumming,2004,UNKNOWN_VALUE,NOT_APPLICABLE,"Harry Stelfox, Data Distribution Resource Data Division Lands and Forest Service Alberta Environmental Protection 9820, 106 Street, Edmonton, Alberta, T5K 2J6 Datadist@env.gov.ab.ca, 427-7374 (Ph), 422-0973 (Fx)",UNKNOWN_VALUE,REQUIRES_AGREEMENT,RESTRICTED,EXPIRED,NOT_APPLICABLE,SPATIAL_JOIN,1997,2003,YES,NO,NO,1,23268,Received under BEEST project
AB08,Alberta,PROV_GOV,CROWN_MILLARWESTIN,AVI,2.1,AVI01,UNKNOWN_VALUE,AVI 2.1 manual,ESRI_E00,UNKNOWN_VALUE,UNKNOWN_VALUE,Steven G. Cumming,2004,UNKNOWN_VALUE,NOT_APPLICABLE,"Harry Stelfox, Data Distribution Resource Data Division Lands and Forest Service Alberta Environmental Protection 9820, 106 Street, Edmonton, Alberta, T5K 2J6 Datadist@env.gov.ab.ca, 427-7374 (Ph), 422-0973 (Fx)",UNKNOWN_VALUE,REQUIRES_AGREEMENT,RESTRICTED,EXPIRED,NOT_APPLICABLE,SPATIAL_JOIN,1990,1997,YES,NO,YES,1,34474,Received under BEEST project
AB09,Alberta,PROV_GOV,CROWN_SLAVELAKEPULP,AVI,2.1,AVI01,UNKNOWN_VALUE,AVI 2.1 manual,ESRI_E00,UNKNOWN_VALUE,UNKNOWN_VALUE,Steven G. Cumming,2004,UNKNOWN_VALUE,NOT_APPLICABLE,"Harry Stelfox, Data Distribution Resource Data Division Lands and Forest Service Alberta Environmental Protection 9820, 106 Street, Edmonton, Alberta, T5K 2J6 Datadist@env.gov.ab.ca, 427-7374 (Ph), 422-0973 (Fx)",UNKNOWN_VALUE,REQUIRES_AGREEMENT,RESTRICTED,EXPIRED,NOT_APPLICABLE,SPATIAL_JOIN,1991,2001,NO,NO,NO,1,0,Not used in CASFRI v3. Received under BEEST project
AB10,Alberta,PROV_GOV,CROWN_TOLKO,AVI,2.1,AVI01,UNKNOWN_VALUE,AVI 2.1 manual,ESRI_E00,UNKNOWN_VALUE,UNKNOWN_VALUE,Steven G. Cumming,2004,UNKNOWN_VALUE,NOT_APPLICABLE,"Harry Stelfox, Data Distribution Resource Data Division Lands and Forest Service Alberta Environmental Protection 9820, 106 Street, Edmonton, Alberta, T5K 2J6 Datadist@env.gov.ab.ca, 427-7374 (Ph), 422-0973 (Fx)",UNKNOWN_VALUE,REQUIRES_AGREEMENT,RESTRICTED,EXPIRED,NOT_APPLICABLE,SPATIAL_JOIN,1987,2003,YES,NO,NO,1,194696,Received under BEEST project
AB11,Alberta,PROV_GOV,CROWN_WELWOOD,AVI,2.1,AVI01,UNKNOWN_VALUE,AVI 2.1 manual,ESRI_E00,UNKNOWN_VALUE,UNKNOWN_VALUE,Steven G. Cumming,2004,UNKNOWN_VALUE,NOT_APPLICABLE,"Harry Stelfox, Data Distribution Resource Data Division Lands and Forest Service Alberta Environmental Protection 9820, 106 Street, Edmonton, Alberta, T5K 2J6 Datadist@env.gov.ab.ca, 427-7374 (Ph), 422-0973 (Fx)",UNKNOWN_VALUE,REQUIRES_AGREEMENT,RESTRICTED,EXPIRED,NOT_APPLICABLE,SPATIAL_JOIN,1987,2001,YES,NO,NO,1,118624,Received under BEEST project
AB12,Alberta,PROV_GOV,CROWN_WEYERHAUSER,AVI,2.1,AVI01,UNKNOWN_VALUE,AVI 2.1 manual,ESRI_E00,UNKNOWN_VALUE,UNKNOWN_VALUE,Steven G. Cumming,2004,UNKNOWN_VALUE,NOT_APPLICABLE,"Harry Stelfox, Data Distribution Resource Data Division Lands and Forest Service Alberta Environmental Protection 9820, 106 Street, Edmonton, Alberta, T5K 2J6 Datadist@env.gov.ab.ca, 427-7374 (Ph), 422-0973 (Fx)",UNKNOWN_VALUE,REQUIRES_AGREEMENT,RESTRICTED,EXPIRED,NOT_APPLICABLE,SPATIAL_JOIN,1988,2003,NO,NO,NO,1,0,Not used in CASFRI v3. Received under BEEST project
AB13,Alberta,PROV_GOV,CROWN_FIRSTNATION,AVI,2.1,AVI01,UNKNOWN_VALUE,AVI 2.1 manual,ESRI_E00,UNKNOWN_VALUE,UNKNOWN_VALUE,Steven G. Cumming,2004,UNKNOWN_VALUE,NOT_APPLICABLE,"Harry Stelfox, Data Distribution Resource Data Division Lands and Forest Service Alberta Environmental Protection 9820, 106 Street, Edmonton, Alberta, T5K 2J6 Datadist@env.gov.ab.ca, 427-7374 (Ph), 422-0973 (Fx)",UNKNOWN_VALUE,REQUIRES_AGREEMENT,RESTRICTED,EXPIRED,NOT_APPLICABLE,SPATIAL_JOIN,1987,2000,NO,NO,NO,1,0,Not used in CASFRI v3. Received under BEEST project
AB14,Alberta,INDUSTRY,ALPAC,AVI,2.1,AVI01,UNKNOWN_VALUE,AVI 2.1 manual,ESRI_COVERAGE and INFO_TABLE,UNKNOWN_VALUE,UNKNOWN_VALUE,Steven G. Cumming,2/27/2009,DVD,NOT_APPLICABLE,Gido from Timberline Natural resource group,DIRECT_CONTACT,REQUIRES_AGREEMENT,RESTRICTED,EXPIRED,NOT_APPLICABLE,SPATIAL_JOIN,1988,2000,NO,NO,NO,1,0,Info tables (forest attributes) couldn't be loaded using GDAL. We used a PYTHON script to join the forest attributes to the geometries and exported the output into shapefile. 
AB15,Alberta,INDUSTRY,CALLING_LAKE,AVI,2.1,AVI01,UNKNOWN_VALUE,AVI 2.1 manual,ESRI_COVERAGE,UNKNOWN_VALUE,UNKNOWN_VALUE,Steven G. Cumming,2004,UNKNOWN_VALUE,NOT_APPLICABLE,"Harry Stelfox, Data Distribution Resource Data Division Lands and Forest Service Alberta Environmental Protection 9820, 106 Street, Edmonton, Alberta, T5K 2J6 Datadist@env.gov.ab.ca, 427-7374 (Ph), 422-0973 (Fx)",UNKNOWN_VALUE,REQUIRES_AGREEMENT,RESTRICTED,EXPIRED,NOT_APPLICABLE,SPATIAL_JOIN,1990,1998,NO,NO,NO,1,0,Not used in CASFRI v3. 
AB16,Alberta,INDUSTRY,CANFOR,AVI,2.1,AVI01,UNKNOWN_VALUE,AVI 2.1 manual,ESRI_COVERAGE,UNKNOWN_VALUE,UNKNOWN_VALUE,Steven G. Cumming,2004,UNKNOWN_VALUE,NOT_APPLICABLE,"Harry Stelfox, Data Distribution Resource Data Division Lands and Forest Service Alberta Environmental Protection 9820, 106 Street, Edmonton, Alberta, T5K 2J6 Datadist@env.gov.ab.ca, 427-7374 (Ph), 422-0973 (Fx)",UNKNOWN_VALUE,REQUIRES_AGREEMENT,RESTRICTED,EXPIRED,NOT_APPLICABLE,SPATIAL_JOIN,1993,1995,YES,NO,NO,1,120476,
AB17,Alberta,INDUSTRY,DAISHOWA,AVI,2.1,AVI01,UNKNOWN_VALUE,AVI 2.1 manual,ESRI_COVERAGE,UNKNOWN_VALUE,UNKNOWN_VALUE,Steven G. Cumming,2004,UNKNOWN_VALUE,NOT_APPLICABLE,"Harry Stelfox, Data Distribution Resource Data Division Lands and Forest Service Alberta Environmental Protection 9820, 106 Street, Edmonton, Alberta, T5K 2J6 Datadist@env.gov.ab.ca, 427-7374 (Ph), 422-0973 (Fx)",UNKNOWN_VALUE,REQUIRES_AGREEMENT,RESTRICTED,EXPIRED,NOT_APPLICABLE,SPATIAL_JOIN,-8886,-8886,NO,NO,NO,1,0,Not used in CASFRI v3. 
AB18,Alberta,INDUSTRY,DMI,AVI,2.1,AVI01,UNKNOWN_VALUE,AVI 2.1 manual,ESRI_COVERAGE,UNKNOWN_VALUE,UNKNOWN_VALUE,Steven G. Cumming,2000,UNKNOWN_VALUE,NOT_APPLICABLE,"Harry Stelfox, Data Distribution Resource Data Division Lands and Forest Service Alberta Environmental Protection 9820, 106 Street, Edmonton, Alberta, T5K 2J6 Datadist@env.gov.ab.ca, 427-7374 (Ph), 422-0973 (Fx)",UNKNOWN_VALUE,REQUIRES_AGREEMENT,RESTRICTED,EXPIRED,NOT_APPLICABLE,SPATIAL_JOIN,1988,2003,NO,NO,NO,1,0,Agreement was with Fiona Schmiegelow and Steve Cumming
AB19,Alberta,INDUSTRY,HR_FIRE,AVI,2.1,AVI01,UNKNOWN_VALUE,AVI 2.1 manual,SHAPEFILE,UNKNOWN_VALUE,UNKNOWN_VALUE,Steven G. Cumming,2004,UNKNOWN_VALUE,NOT_APPLICABLE,"Harry Stelfox, Data Distribution Resource Data Division Lands and Forest Service Alberta Environmental Protection 9820, 106 Street, Edmonton, Alberta, T5K 2J6 Datadist@env.gov.ab.ca, 427-7374 (Ph), 422-0973 (Fx)",UNKNOWN_VALUE,REQUIRES_AGREEMENT,RESTRICTED,EXPIRED,NOT_APPLICABLE,SPATIAL_JOIN,1993,1998,NO,NO,NO,1,0,Not used in CASFRI v3. 
AB20,Alberta,INDUSTRY,SLAVELAKEPULP,AVI,2.1 other,AVI02,other,AVI 2.1 manual,ESRI_COVERAGE,UNKNOWN_VALUE,UNKNOWN_VALUE,Steven G. Cumming,2000,UNKNOWN_VALUE,NOT_APPLICABLE,"Harry Stelfox, Data Distribution Resource Data Division Lands and Forest Service Alberta Environmental Protection 9820, 106 Street, Edmonton, Alberta, T5K 2J6 Datadist@env.gov.ab.ca, 427-7374 (Ph), 422-0973 (Fx)",UNKNOWN_VALUE,REQUIRES_AGREEMENT,RESTRICTED,EXPIRED,NOT_APPLICABLE,SPATIAL_JOIN,1991,2001,NO,NO,NO,1,0,Agreement was with Fiona Schmiegelow and Steve Cumming
AB21,Alberta,INDUSTRY,TOLKO,AVI,2.1,AVI01,UNKNOWN_VALUE,AVI 2.1 manual,SHAPEFILE,UNKNOWN_VALUE,UNKNOWN_VALUE,Steven G. Cumming,2004,UNKNOWN_VALUE,NOT_APPLICABLE,"Harry Stelfox, Data Distribution Resource Data Division Lands and Forest Service Alberta Environmental Protection 9820, 106 Street, Edmonton, Alberta, T5K 2J6 Datadist@env.gov.ab.ca, 427-7374 (Ph), 422-0973 (Fx)",UNKNOWN_VALUE,REQUIRES_AGREEMENT,RESTRICTED,EXPIRED,NOT_APPLICABLE,SPATIAL_JOIN,1988,2003,YES,NO,NO,1,338501,
AB22,Alberta,INDUSTRY,WEYCO,AVI,2.1,AVI01,UNKNOWN_VALUE,AVI 2.1 manual,ESRI_COVERAGE,UNKNOWN_VALUE,UNKNOWN_VALUE,Steven G. Cumming,3/21/2002,UNKNOWN_VALUE,NOT_APPLICABLE,Fiona Schmiegelow,UNKNOWN_VALUE,REQUIRES_AGREEMENT,RESTRICTED,EXPIRED,NOT_APPLICABLE,SPATIAL_JOIN,1991,2000,NO,NO,NO,1,0,Not used in CASFRI v3. 
AB23,Alberta,INDUSTRY,WEYCO_P3,AVI,2.1,AVI01,UNKNOWN_VALUE,AVI 2.1 manual,ESRI_COVERAGE,UNKNOWN_VALUE,UNKNOWN_VALUE,Steven G. Cumming,2004,UNKNOWN_VALUE,NOT_APPLICABLE,"Harry Stelfox, Data Distribution Resource Data Division Lands and Forest Service Alberta Environmental Protection 9820, 106 Street, Edmonton, Alberta, T5K 2J6 Datadist@env.gov.ab.ca, 427-7374 (Ph), 422-0973 (Fx)",UNKNOWN_VALUE,REQUIRES_AGREEMENT,RESTRICTED,EXPIRED,NOT_APPLICABLE,SPATIAL_JOIN,-8886,-8886,NO,NO,NO,1,0,Not used in CASFRI v3. 
AB24,Alberta,INDUSTRY,WEYERHAUSER,AVI,2.1,AVI01,UNKNOWN_VALUE,AVI 2.1 manual,SHAPEFILE,UNKNOWN_VALUE,UNKNOWN_VALUE,Steven G. Cumming,2004,UNKNOWN_VALUE,NOT_APPLICABLE,"Harry Stelfox, Data Distribution Resource Data Division Lands and Forest Service Alberta Environmental Protection 9820, 106 Street, Edmonton, Alberta, T5K 2J6 Datadist@env.gov.ab.ca, 427-7374 (Ph), 422-0973 (Fx)",UNKNOWN_VALUE,REQUIRES_AGREEMENT,RESTRICTED,EXPIRED,NOT_APPLICABLE,SPATIAL_JOIN,1987,2003,YES,NO,NO,1,144881,Agreement was with Fiona Schmiegelow and Steve Cumming
AB25,Alberta,PROV_GOV,CROWN,AVI,2.1 With Revisions,AVI03,With revisions,AVI 2.1 manual,SHAPEFILE,UNKNOWN_VALUE,UNKNOWN_VALUE,Steven G. Cumming,4/22/2012,TEMPORARY_FTP,UNKNOWN_VALUE,"Heather Evans. GIS technologist. Alberta Sustainable Resource Development. > 9820 - 106 Street NW,  Edmonton, Alberta T5K 2J6.  Phone: (780) 427-7374. Email: heather.evans@gov.ab.ca",DIRECT_CONTACT,REQUIRES_AGREEMENT,RESTRICTED,LICENSE_AGREEMENT,NOT_APPLICABLE,SPATIAL_JOIN,1987,2008,YES,NO,NO,1,527038,
AB26,Alberta,INDUSTRY,CENOVUS,AVI,2.1,AVI01,UNKNOWN_VALUE,AVI 2.1 manual,ESRI_GEODATABASE,UNKNOWN_VALUE,UNKNOWN_VALUE,Steven G. Cumming,12/15/2014,FTP,UNKNOWN_VALUE,"Michelle Blouin, Environmental GIS Analyst. Phone: (403) 766-2658, Email: michelle.blouin@cenovus.com",DIRECT_CONTACT,NOT_SPECIFIED,RESTRICTED,EMAIL_AGREEMENT,NOT_APPLICABLE,UNKNOWN_VALUE,-8886,-8886,NO,NO,NO,1,0,
AB27,Alberta,INDUSTRY,ALPAC,AVI,2.1,AVI01,UNKNOWN_VALUE,AVI 2.1 manual,ESRI_GEODATABASE,UNKNOWN_VALUE,UNKNOWN_VALUE,Steven G. Cumming,04/02/2014,DVD,NOT_APPLICABLE,"Dave Cheyne, Management Forester Woodlands. Alberta Pacific Fores Industries Inc. Phone: 780 525-8261. Email: dave.cheyne@alpac.ca",DIRECT_CONTACT,NOT_SPECIFIED,RESTRICTED,EMAIL_AGREEMENT,NOT_APPLICABLE,UNKNOWN_VALUE,-8886,-8886,YES,NO,NO,1,32070,
AB28,Alberta,INDUSTRY,ALPAC,AVI,2.1,AVI01,UNKNOWN_VALUE,AVI 2.1 manual,ACCESS_DATABASE,UNKNOWN_VALUE,UNKNOWN_VALUE,Steven G. Cumming,04/02/2014,DVD,NOT_APPLICABLE,"Dave Cheyne, Management Forester Woodlands. Alberta Pacific Fores Industries Inc. Phone: 780 525-8261. Email: dave.cheyne@alpac.ca",DIRECT_CONTACT,NOT_SPECIFIED,RESTRICTED,EMAIL_AGREEMENT,NOT_APPLICABLE,UNKNOWN_VALUE,-8886,-8886,NO,NO,NO,1,0,
AB29,Alberta,PROV_GOV,CROWN,AVI,2.1,AVI01,UNKNOWN_VALUE,AVI 2.1 manual,ESRI_GEODATABASE and SHAPEFILE,UNKNOWN_VALUE,UNKNOWN_VALUE,Marc Edwards,21/10/2020,FTP,ftp://ftp.gov.ab.ca/env/IDPS/2010L04.zip,"Linda Smith, Data Distribution Unit, Strategy and Governace Division, Environment and Parks, Provincial Geospatial Centre, 14th Floor, Oxbridge Place, 9820 - 106 Street NW, Edmonton, Alberta T5K 2J6, Phone: (780) 422-0962, email: linda.smith@gov.ab.ca, Fax:     (780) 422-0712, Order Desk email: AEP.Data@gov.ab.ca",UNKNOWN_VALUE,REQUIRES_AGREEMENT,RESTRICTED,LICENSE_AGREEMENT,NOT_APPLICABLE,VALUE_PER_STAND,1987,2014,YES,YES,NO,1,620944,Publicly available dataset has to be requested via email. Then signed license agreement and received data via ftp.
AB30,Alberta,PROV_GOV,CROWN,AVI,2.1,AVI01,UNKNOWN_VALUE,AVI 2.1 manual,ESRI_GEODATABASE and SHAPEFILE,UNKNOWN_VALUE,UNKNOWN_VALUE,Marc Edwards,21/10/2020,FTP,ftp://ftp.gov.ab.ca/env/IDPS/2010L04.zip,"Linda Smith, Data Distribution Unit, Strategy and Governace Division, Environment and Parks, Provincial Geospatial Centre, 14th Floor, Oxbridge Place, 9820 - 106 Street NW, Edmonton, Alberta T5K 2J6, Phone: (780) 422-0962, email: linda.smith@gov.ab.ca, Fax:     (780) 422-0712, Order Desk email: AEP.Data@gov.ab.ca",UNKNOWN_VALUE,REQUIRES_AGREEMENT,RESTRICTED,LICENSE_AGREEMENT,NOT_APPLICABLE,UNKNOWN_VALUE,-8886,-8886,YES,YES,NO,1,4555,Received with AB29. Post inventory cutblock file. Includes cutblock polygons with year of cut. No other information. No photo year attribute.
AB31,Alberta,INDUSTRY,ALPAC,AVI,2.1,AVI01,UNKNOWN_VALUE,AVI 2.1 manual,ESRI_GEODATABASE and SHAPEFILE,UNKNOWN_VALUE,UNKNOWN_VALUE,Steven G. Cumming,30/11/2021,HTTP,"https://www.dropbox.com/s/z4auc0ajr6a103b/Approved_avi_nad28_and_nad83.zip?dl=0, https://www.dropbox.com/s/33lj2lfmt5cgdct/AVI_nad27_missing_maps.zip?dl=0",John Cosco,DIRECT_CONTACT,NOT_SPECIFIED,RESTRICTED,EMAIL_AGREEMENT,NOT_APPLICABLE,SPATIAL_JOIN,1990,2000,YES,NO,NO,1,802933,
AB32,Alberta,INDUSTRY,ALPAC,SAVI,2.1,AVI01,UNKNOWN_VALUE,AVI 2.1 manual,ESRI_GEODATABASE and SHAPEFILE,UNKNOWN_VALUE,UNKNOWN_VALUE,Steven G. Cumming,26/11/2021,HTTP,https://www.dropbox.com/s/0hchhmzxipnfyq2/savi_data_fma.zip?dl=0,John Cosco,DIRECT_CONTACT,NOT_SPECIFIED,RESTRICTED,EMAIL_AGREEMENT,NOT_APPLICABLE,SPATIAL_JOIN,2001,2012,YES,NO,NO,1,834245,
AB34,Alberta,PROV_GOV,CROWN,AVI,2.1,AVI01,UNKNOWN_VALUE,AVI 2.1 manual,ESRI_GEODATABASE and SHAPEFILE,UNKNOWN_VALUE,UNKNOWN_VALUE,Melina Houle,06/02/2025,HTTP,https://extranet.gov.ab.ca/srd/geodiscover/srd_pub/biota/AlbertaVegetationInventoryCrown.zip,"Agriculture, Forestry and Rural Economic Development, Government of Alberta, Reforestation, Inventory and Biometrics Section, Forest Stewardship and Trade Branch, J.G. O'Donoghue Building, Suite 303, 7000 113 Street NW, Edmonton, AB, T6H 5T6, AF.FMB-GIS@gov.ab.ca",UNKNOWN_VALUE,REQUIRES_AGREEMENT,RESTRICTED,LICENSE_AGREEMENT,NOT_APPLICABLE,VALUE_PER_STAND,1968,2021,YES,NO,NO,1,3631,
BC01,British Columbia,PROV_GOV,BCGOV FOR Forest Analysis and Inventory Branch,FIP,UNKNOWN_VALUE,FIP01,UNKNOWN_VALUE,FIP data dictionnary,ESRI_GEODATABASE,UNKNOWN_VALUE,UNKNOWN_VALUE,Melina Houle,5/14/2012,HTTP,https://catalogue.data.gov.bc.ca/dataset/vri-historical-vegetation-resource-inventory-2002-2018-,"Tim Salkeld, BCGOV FOR Forest Analysis and Inventory Branch. Email: Tim.Salkeld@gov.bc.ca . Phone number: 250 387-6736   ",OPEN_ACCESS,OPEN_WITH_ACKNOWLEDGMENT,UNRESTRICTED,LICENSE_AGREEMENT,NOT_APPLICABLE,VALUE_PER_STAND,1953,2008,NO,NO,NO,2,0,A VRI_FIP equivalent tables are found in the same folder than the documentation.
BC02,British Columbia,PROV_GOV,BCGOV FOR Forest Analysis and Inventory Branch,VRI,UNKNOWN_VALUE,VRI01,UNKNOWN_VALUE,VRI data dictionnary,ESRI_GEODATABASE,UNKNOWN_VALUE,UNKNOWN_VALUE,Melina Houle,5/14/2012,HTTP,https://catalogue.data.gov.bc.ca/dataset/vri-historical-vegetation-resource-inventory-2002-2018-,"Tim Salkeld, BCGOV FOR Forest Analysis and Inventory Branch. Email: Tim.Salkeld@gov.bc.ca . Phone number: 250 387-6736   ",OPEN_ACCESS,OPEN_WITH_ACKNOWLEDGMENT,UNRESTRICTED,LICENSE_AGREEMENT,NOT_APPLICABLE,VALUE_PER_STAND,1955,2011,NO,NO,NO,2,0,
BC03,British Columbia,PROV_GOV,BCGOV FOR Forest Analysis and Inventory Branch,I,UNKNOWN_VALUE,BCI01,UNKNOWN_VALUE,UNKNOWN_VALUE,ESRI_GEODATABASE,UNKNOWN_VALUE,UNKNOWN_VALUE,Melina Houle,5/14/2012,HTTP,https://catalogue.data.gov.bc.ca/dataset/vri-historical-vegetation-resource-inventory-2002-2018-,"Tim Salkeld, BCGOV FOR Forest Analysis and Inventory Branch. Email: Tim.Salkeld@gov.bc.ca . Phone number: 250 387-6736   ",OPEN_ACCESS,OPEN_WITH_ACKNOWLEDGMENT,UNRESTRICTED,LICENSE_AGREEMENT,NOT_APPLICABLE,VALUE_PER_STAND,-8886,-8886,NO,NO,NO,2,0,Not used in CASFRI v3.  UNKNOWN_VALUE standard
BC04,British Columbia,PROV_GOV,BCGOV FOR Forest Analysis and Inventory Branch,"FIP, VRI, I",UNKNOWN_VALUE,VRI01,UNKNOWN_VALUE,FIP  and VRI data dictionnary,ESRI_GEODATABASE,UNKNOWN_VALUE,UNKNOWN_VALUE,Melina Houle,5/27/2014,HTTP,https://catalogue.data.gov.bc.ca/dataset/vri-historical-vegetation-resource-inventory-2002-2018-,"Tim Salkeld, BCGOV FOR Forest Analysis and Inventory Branch. Email: Tim.Salkeld@gov.bc.ca . Phone number: 250 387-6736   ",OPEN_ACCESS,OPEN_WITH_ACKNOWLEDGMENT,UNRESTRICTED,LICENSE_AGREEMENT,NOT_APPLICABLE,VALUE_PER_STAND,1953,2011,YES,NO,NO,2,4431314,"A VRI_FIP equivalent tables are found in the same folder than the documentation. This inventory only include layer 1. BC04 included all V, F,I standard"
BC05,British Columbia,PROV_GOV,BCGOV FOR Forest Analysis and Inventory Branch,VRI,UNKNOWN_VALUE,VRI01,UNKNOWN_VALUE,VRI data dictionnary,ESRI_GEODATABASE,UNKNOWN_VALUE,UNKNOWN_VALUE,Melina Houle,5/27/2014,HTTP,https://catalogue.data.gov.bc.ca/dataset/vri-historical-vegetation-resource-inventory-2002-2018-,"Tim Salkeld, BCGOV FOR Forest Analysis and Inventory Branch. Email: Tim.Salkeld@gov.bc.ca . Phone number: 250 387-6736   ",OPEN_ACCESS,OPEN_WITH_ACKNOWLEDGMENT,UNRESTRICTED,LICENSE_AGREEMENT,NOT_APPLICABLE,VALUE_PER_STAND,1955,2011,NO,NO,NO,2,0,This inventory used to be the VRI subset of CASFRI/FRIs/BC/SourceDataset/v.00.04/BCGOV/VEG_COMP_LYR_R1_POLY.gdb. It is now translated in BC04.  
BC06,British Columbia,PROV_GOV,BCGOV FOR Forest Analysis and Inventory Branch,I,UNKNOWN_VALUE,BCI01,UNKNOWN_VALUE,UNKNOWN_VALUE,ESRI_GEODATABASE,UNKNOWN_VALUE,UNKNOWN_VALUE,Melina Houle,5/27/2014,HTTP,https://catalogue.data.gov.bc.ca/dataset/vri-historical-vegetation-resource-inventory-2002-2018-,"Tim Salkeld, BCGOV FOR Forest Analysis and Inventory Branch. Email: Tim.Salkeld@gov.bc.ca . Phone number: 250 387-6736   ",OPEN_ACCESS,OPEN_WITH_ACKNOWLEDGMENT,UNRESTRICTED,LICENSE_AGREEMENT,NOT_APPLICABLE,UNKNOWN_VALUE,-8886,-8886,NO,NO,NO,2,0,"This inventory used to be the subset of CASFRI/FRIs/BC/SourceDataset/v.00.04/BCGOV/VEG_COMP_LYR_R1_POLY.gdb where INV_STANDARD = ""I"". It is now translated in BC04.  "
BC07,British Columbia,INDUSTRY,CANFOR,VRI,UNKNOWN_VALUE,VRI01,UNKNOWN_VALUE,VRI data dictionnary,ESRI_GEODATABASE,UNKNOWN_VALUE,UNKNOWN_VALUE,Melina Houle,4/15/2014,FTP,UNKNOWN_VALUE,"Carol Norris or Don Rosen, Forestry Operations Supervisor, Canadian Forest Products Ltd. - Chetwynd. Email: don.rosen@canfor.com, Phone: 250-788-4304 ",DIRECT_CONTACT,REQUIRES_AGREEMENT,RESTRICTED,LICENSE_AGREEMENT,NOT_APPLICABLE,GLOBAL_INVENTORY,1993,1998,NO,NO,NO,2,0,"PHOTO_YEAR was provided by  Carol Norris: ""I had a quick look through the airphotos we have here and found many dated Aug 1993/Aug 1994, and another batch labelled TFL 48 Phase II Sampling 1998"""
BC08,British Columbia,PROV_GOV,BCGOV FOR Forest Analysis and Inventory Branch,"FIP, VRI, I, LVI",UNKNOWN_VALUE,VRI01,UNKNOWN_VALUE,VRI data dictionnary,ESRI_GEODATABASE,2016,19/02/2020,,07/09/2020,HTTP,"https://www2.gov.bc.ca/gov/content/industry/forestry/managing-our-forest-resources/forest-inventory/data-management-and-access
https://catalogue.data.gov.bc.ca/dataset/02dba161-fdb7-48ae-a4bb-bd6ef017c36d
https://catalogue.data.gov.bc.ca/dataset/vri-historical-vegetation-resource-inventory-2002-2018-/resource/0f06a158-6bbc-4aae-a81f-4933dbe13dd6
https://pub.data.gov.bc.ca/datasets/02dba161-fdb7-48ae-a4bb-bd6ef017c36d/2016/","Edward Fong, BCGOV FOR Forest Analysis and Inventory Branch. Email: Edward.Fong@gov.bc.ca . Phone number: 778 974-2641",OPEN_ACCESS,OPEN_WITH_ACKNOWLEDGMENT,UNRESTRICTED,LICENSE_AGREEMENT,https://www2.gov.bc.ca/gov/content/data/open-data/open-government-licence-bc,VALUE_PER_STAND,1905,2015,YES,YES,NO,2,4677411,Now includes CANFOR data. Originally BC08 used R1 data. BC later made the full dataset available. We replaced the R1 data with the full dataset and updated this row to reflect the download of the full dataset.
BC09,British Columbia,PROV_GOV,BCGOV FOR Forest Analysis and Inventory Branch,"FIP, VRI, I, LVI",UNKNOWN_VALUE,VRI01,UNKNOWN_VALUE,VRI data dictionnary,ESRI_GEODATABASE,2018,06/06/2019,,8/19/2019,HTTP,"https://www2.gov.bc.ca/gov/content/industry/forestry/managing-our-forest-resources/forest-inventory/data-management-and-access
https://catalogue.data.gov.bc.ca/dataset/02dba161-fdb7-48ae-a4bb-bd6ef017c36d
https://catalogue.data.gov.bc.ca/dataset/vri-historical-vegetation-resource-inventory-2002-2018-/resource/a1928936-3dd4-4189-8c62-ca558574dbba
https://pub.data.gov.bc.ca/datasets/02dba161-fdb7-48ae-a4bb-bd6ef017c36d/2018/","Tim Salkeld, BCGOV FOR Forest Analysis and Inventory Branch. Email: Tim.Salkeld@gov.bc.ca . Phone number: 250 387-6736   ",OPEN_ACCESS,OPEN_WITH_ACKNOWLEDGMENT,UNRESTRICTED,LICENSE_AGREEMENT,NOT_APPLICABLE,VALUE_PER_STAND,1905,2018,NO,NO,NO,2,0,Now includes CANFOR data. Same as BC10 but contains only R1 from BC10.
BC10,British Columbia,PROV_GOV,BCGOV FOR Forest Analysis and Inventory Branch,"FIP, VRI, I, LVI",UNKNOWN_VALUE,VRI01,UNKNOWN_VALUE,VRI data dictionnary,ESRI_GEODATABASE,2018,UNKNOWN_VALUE,,5/27/2020,HTTP,"https://www2.gov.bc.ca/gov/content/industry/forestry/managing-our-forest-resources/forest-inventory/data-management-and-access
https://catalogue.data.gov.bc.ca/dataset/02dba161-fdb7-48ae-a4bb-bd6ef017c36d
https://catalogue.data.gov.bc.ca/dataset/vri-historical-vegetation-resource-inventory-2002-2018-/resource/a1928936-3dd4-4189-8c62-ca558574dbba
https://pub.data.gov.bc.ca/datasets/02dba161-fdb7-48ae-a4bb-bd6ef017c36d/2018/","Edward Fong, BCGOV FOR Forest Analysis and Inventory Branch. Email: Edward.Fong@gov.bc.ca . Phone number: 778 974-2638   ",OPEN_ACCESS,OPEN_WITH_ACKNOWLEDGMENT,UNRESTRICTED,LICENSE_AGREEMENT,https://www2.gov.bc.ca/gov/content/data/open-data/open-government-licence-bc,VALUE_PER_STAND,1905,2018,YES,YES,NO,2,5151772,"Now includes CANFOR data. Same sa BC09 but contains L1, L2 and D layers instead."
BC11,British Columbia,PROV_GOV,BCGOV FOR Forest Analysis and Inventory Branch,"FIP, VRI, I, LVI",UNKNOWN_VALUE,VRI01,UNKNOWN_VALUE,VRI data dictionnary,ESRI_GEODATABASE,2019,19/02/2020,,07/09/2020,HTTP,"https://www2.gov.bc.ca/gov/content/industry/forestry/managing-our-forest-resources/forest-inventory/data-management-and-access
https://catalogue.data.gov.bc.ca/dataset/e5bf92e9-3323-4eb6-b051-7fe89b5174a9
https://catalogue.data.gov.bc.ca/dataset/0078a6f3-f7c7-4bc7-a513-e39b01d8f35c","Edward Fong, BCGOV FOR Forest Analysis and Inventory Branch. Email: Edward.Fong@gov.bc.ca . Phone number: 778 974-2639",OPEN_ACCESS,OPEN_WITH_ACKNOWLEDGMENT,UNRESTRICTED,LICENSE_AGREEMENT,https://www2.gov.bc.ca/gov/content/data/open-data/open-government-licence-bc,VALUE_PER_STAND,1905,2019,YES,YES,NO,2,5419596,Now includes CANFOR data
BC12,British Columbia,PROV_GOV,BCGOV FOR Forest Analysis and Inventory Branch,"FIP, VRI, I, LVI",UNKNOWN_VALUE,VRI01,UNKNOWN_VALUE,VRI data dictionnary,ESRI_GEODATABASE,2017,19/02/2020,,07/09/2020,HTTP,"https://www2.gov.bc.ca/gov/content/industry/forestry/managing-our-forest-resources/forest-inventory/data-management-and-access
https://catalogue.data.gov.bc.ca/dataset/02dba161-fdb7-48ae-a4bb-bd6ef017c36d
https://catalogue.data.gov.bc.ca/dataset/vri-historical-vegetation-resource-inventory-2002-2018-/resource/b4a24972-e043-4f7b-92d0-8bef44c32893
https://pub.data.gov.bc.ca/datasets/02dba161-fdb7-48ae-a4bb-bd6ef017c36d/2017/","Edward Fong, BCGOV FOR Forest Analysis and Inventory Branch. Email: Edward.Fong@gov.bc.ca . Phone number: 778 974-2640",OPEN_ACCESS,OPEN_WITH_ACKNOWLEDGMENT,UNRESTRICTED,LICENSE_AGREEMENT,https://www2.gov.bc.ca/gov/content/data/open-data/open-government-licence-bc,VALUE_PER_STAND,1905,2017,YES,YES,NO,2,4861240,Now includes CANFOR data
BC13,British Columbia,PROV_GOV,BCGOV FOR Forest Analysis and Inventory Branch,"FIP, VRI, I, LVI",UNKNOWN_VALUE,VRI01,UNKNOWN_VALUE,VRI data dictionnary,ESRI_GEODATABASE,2002,27/02/2020,Melina Houle,12/01/2024,HTTP,https://open.canada.ca/data/en/dataset/02dba161-fdb7-48ae-a4bb-bd6ef017c36d,"Adrain Walton, Adrian.Walton@gov.bc.ca",OPEN_ACCESS,OPEN_WITH_ACKNOWLEDGMENT,UNRESTRICTED,LICENSE_AGREEMENT,https://www2.gov.bc.ca/gov/content/data/open-data/open-government-licence-bc,VALUE_PER_STAND,1899,2003,YES,YES,NO,3,3343257,
BC14,British Columbia,PROV_GOV,BCGOV FOR Forest Analysis and Inventory Branch,"FIP, VRI, I, LVI",UNKNOWN_VALUE,VRI01,UNKNOWN_VALUE,VRI data dictionnary,ESRI_GEODATABASE,2021,08/02/2022,,,HTTP,"https://www2.gov.bc.ca/gov/content/industry/forestry/managing-our-forest-resources/forest-inventory/data-management-and-access
https://catalogue.data.gov.bc.ca/dataset/02dba161-fdb7-48ae-a4bb-bd6ef017c36d
https://catalogue.data.gov.bc.ca/dataset/vri-historical-vegetation-resource-inventory-2002-2018-/resource/b4a24972-e043-4f7b-92d0-8bef44c32893
https://pub.data.gov.bc.ca/datasets/02dba161-fdb7-48ae-a4bb-bd6ef017c36d/current/","Marc Rousseau, BCGOV FOR Forest Analysis and Inventory Branch,  Marc.Rousseau@gov.bc.ca",OPEN_ACCESS,OPEN_WITH_ACKNOWLEDGMENT,UNRESTRICTED,LICENSE_AGREEMENT,https://www2.gov.bc.ca/gov/content/data/open-data/open-government-licence-bc,VALUE_PER_STAND,1905,2021,YES,YES,NO,3,5376926,
BC15,British Columbia,PROV_GOV,BCGOV FOR Forest Analysis and Inventory Branch,"FIP, VRI, I, LVI",UNKNOWN_VALUE,VRI01,UNKNOWN_VALUE,VRI data dictionnary,ESRI_GEODATABASE,2022,08/02/2023,,,HTTP,"https://www2.gov.bc.ca/gov/content/industry/forestry/managing-our-forest-resources/forest-inventory/data-management-and-access
https://catalogue.data.gov.bc.ca/dataset/02dba161-fdb7-48ae-a4bb-bd6ef017c36d
https://catalogue.data.gov.bc.ca/dataset/vri-historical-vegetation-resource-inventory-2002-2021-
https://pub.data.gov.bc.ca/datasets/02dba161-fdb7-48ae-a4bb-bd6ef017c36d/current/","Marc Rousseau, BCGOV FOR Forest Analysis and Inventory Branch,  Marc.Rousseau@gov.bc.ca",OPEN_ACCESS,OPEN_WITH_ACKNOWLEDGMENT,UNRESTRICTED,LICENSE_AGREEMENT,https://www2.gov.bc.ca/gov/content/data/open-data/open-government-licence-bc,VALUE_PER_STAND,1905,2022,YES,YES,NO,3,5398030,
BC16,British Columbia,PROV_GOV,BCGOV FOR Forest Analysis and Inventory Branch,"FIP, VRI, I, LVI",UNKNOWN_VALUE,VRI01,UNKNOWN_VALUE,VRI data dictionnary,ESRI_GEODATABASE,2023,06/03/2024,,,HTTP,"https://www2.gov.bc.ca/gov/content/industry/forestry/managing-our-forest-resources/forest-inventory/data-management-and-access
https://catalogue.data.gov.bc.ca/dataset/02dba161-fdb7-48ae-a4bb-bd6ef017c36d
https://catalogue.data.gov.bc.ca/dataset/vri-historical-vegetation-resource-inventory-2002-2021-
https://pub.data.gov.bc.ca/datasets/02dba161-fdb7-48ae-a4bb-bd6ef017c36d/current/","Marc Rousseau, BCGOV FOR Forest Analysis and Inventory Branch,  Marc.Rousseau@gov.bc.ca",OPEN_ACCESS,OPEN_WITH_ACKNOWLEDGMENT,UNRESTRICTED,LICENSE_AGREEMENT,https://www2.gov.bc.ca/gov/content/data/open-data/open-government-licence-bc,VALUE_PER_STAND,1905,2023,YES,YES,NO,3,5901370,
BC17,British Columbia,PROV_GOV,BCGOV FOR Forest Analysis and Inventory Branch,"FIP, VRI, I, LVI",UNKNOWN_VALUE,VRI01,UNKNOWN_VALUE,VRI data dictionnary,ESRI_GEODATABASE,2020,19/02/2020,,,HTTP,"https://www2.gov.bc.ca/gov/content/industry/forestry/managing-our-forest-resources/forest-inventory/data-management-and-access
https://catalogue.data.gov.bc.ca/dataset/02dba161-fdb7-48ae-a4bb-bd6ef017c36d
https://pub.data.gov.bc.ca/datasets/02dba161-fdb7-48ae-a4bb-bd6ef017c36d/2020/","Marc Rousseau,  BCGOV FOR Forest Analysis and Inventory Branch, Marc.Rousseau@gov.bc.ca",OPEN_ACCESS,OPEN_WITH_ACKNOWLEDGMENT,UNRESTRICTED,LICENSE_AGREEMENT,https://www2.gov.bc.ca/gov/content/data/open-data/open-government-licence-bc,VALUE_PER_STAND,1905,2020,YES,YES,NO,3,4972179,
BC18,British Columbia,PROV_GOV,BCGOV FOR Forest Analysis and Inventory Branch,"FIP, VRI, I, LVI",UNKNOWN_VALUE,VRI01,UNKNOWN_VALUE,VRI data dictionnary,ESRI_GEODATABASE,2024,20/05/2025,,,HTTP,"https://www2.gov.bc.ca/gov/content/industry/forestry/managing-our-forest-resources/forest-inventory/data-management-and-access
https://catalogue.data.gov.bc.ca/dataset/vri-2024-forest-vegetation-composite-layer-1-l1-
https://pub.data.gov.bc.ca/datasets/02dba161-fdb7-48ae-a4bb-bd6ef017c36d/current/","Marc Rousseau, BCGOV FOR Forest Analysis and Inventory Branch,  Marc.Rousseau@gov.bc.ca",OPEN_ACCESS,OPEN_WITH_ACKNOWLEDGMENT,UNRESTRICTED,LICENSE_AGREEMENT,https://www2.gov.bc.ca/gov/content/data/open-data/open-government-licence-bc,VALUE_PER_STAND,1905,2024,YES,YES,NO,3,6250929,
MB01,Manitoba,INDUSTRY,Tembec,PRE97,UNKNOWN_VALUE,FRI02,UNKNOWN_VALUE,Tembec manual 1.3 1996_97,SHAPEFILE,UNKNOWN_VALUE,UNKNOWN_VALUE,Steven G. Cumming,4/22/2008,FTP,UNKNOWN_VALUE,"James Boyd or Vince Keenan, Divisional Forested, Tembec Industries Inc. Pine Falls Operations. Box 10, Pine Falls, Mb, R0E 1M0. Phone: 204 367-5224. Email: vince.keenantembec.com. Web Page: www.tembec-frm-manitoba.ca",DIRECT_CONTACT,OPEN_FOR_BEACON_AND_BAM_PROJECTS,RESTRICTED_BAM_BEACON,EMAIL_AGREEMENT,NOT_APPLICABLE,VALUE_PER_STAND,1997,1997,YES,NO,NO,4,134790,The inventory was given by the province following the agreement with the forest compagny.
MB02,Manitoba,INDUSTRY,LouisianaPacific,FLI,UNKNOWN_VALUE,FLI01,UNKNOWN_VALUE,FLI Users Guide,ESRI_E00,UNKNOWN_VALUE,UNKNOWN_VALUE,Steven G. Cumming,08/10/2008,DVD,NOT_APPLICABLE,Donna Kopecky. District Biologist. Louisiana Pacific Corporation. Swan Valley Forest Resources Division. Phone: 1-888-433-4672. Email:Donna.Kopecky@lpcorp.com. Web Page: www.swanvalleyforest.ca or www.lpcorp.co,DIRECT_CONTACT,REQUIRES_AGREEMENT,RESTRICTED_BAM,LICENSE_AGREEMENT,NOT_APPLICABLE,GLOBAL_INVENTORY,1998,1998,YES,NO,NO,4,60370,
MB03,Manitoba,PROV_GOV,"Manitoba Government, Conservation and Water Stewardship,Forestry Branch",FRI,UNKNOWN_VALUE,FRI01,UNKNOWN_VALUE,FRI manuals,SHAPEFILE,UNKNOWN_VALUE,UNKNOWN_VALUE,Steven G. Cumming,2008,DVD,NOT_APPLICABLE,"James Boyd, Inventory Forester. Manitoba Conservation. 200 Saulteaux Crescent. Winnipeg, Mb. Phone :204 945-7951. Email: james.boyd2@gov.mb.ca",DIRECT_CONTACT,OPEN_WITH_ACKNOWLEDGMENT,UNRESTRICTED,LICENSE_AGREEMENT,NOT_APPLICABLE,SPATIAL_JOIN,1969,2001,NO,YES,NO,4,0,Not used in CASFRI v4. Source format (tiled mapsheet shapefile) was replaced by MB05 and MB06 (gdb) acquired on  2013-03-03. Same data. 
MB04,Manitoba,INDUSTRY,PorcupineBranch (LP),FLI,UNKNOWN_VALUE,FLI01,UNKNOWN_VALUE,FLI Users Guide,ESRI_E00,UNKNOWN_VALUE,UNKNOWN_VALUE,Steven G. Cumming,08/10/2008,DVD,NOT_APPLICABLE,Donna Kopecky. District Biologist. Louisiana Pacific Corporation. Swan Valley Forest Resources Division. Phone: 1-888-433-4672. Email:Donna.Kopecky@lpcorp.com. Web Page: www.swanvalleyforest.ca or www.lpcorp.co,DIRECT_CONTACT,REQUIRES_AGREEMENT,RESTRICTED_BAM,LICENSE_AGREEMENT,NOT_APPLICABLE,GLOBAL_INVENTORY,2000,2000,YES,NO,NO,4,27221,
MB05,Manitoba,PROV_GOV,"Manitoba Government, Conservation and Water Stewardship,Forestry Branch",FRI,UNKNOWN_VALUE,FRI01,UNKNOWN_VALUE,FRI manuals,ESRI_GEODATABASE,UNKNOWN_VALUE,UNKNOWN_VALUE,Melina Houle,summer 2012,DVD,NOT_APPLICABLE,"James Boyd, Inventory Forester. Manitoba Conservation. 200 Saulteaux Crescent. Winnipeg, Mb. Phone :204 945-7951. Email: james.boyd2@gov.mb.ca",DIRECT_CONTACT,OPEN_WITH_ACKNOWLEDGMENT,UNRESTRICTED,LICENSE_AGREEMENT,NOT_APPLICABLE,VALUE_PER_STAND,1970,1997,YES,NO,NO,4,1644808,
MB06,Manitoba,PROV_GOV,"Manitoba Government, Conservation and Water Stewardship,Forestry Branch",FLI,UNKNOWN_VALUE,FLI01,UNKNOWN_VALUE,FLI Users Guide,ESRI_GEODATABASE,UNKNOWN_VALUE,UNKNOWN_VALUE,Melina Houle,summer 2012,DVD,NOT_APPLICABLE,"James Boyd, Inventory Forester. Manitoba Conservation. 200 Saulteaux Crescent. Winnipeg, Mb. Phone :204 945-7951. Email: james.boyd2@gov.mb.ca",DIRECT_CONTACT,OPEN_WITH_ACKNOWLEDGMENT,UNRESTRICTED,LICENSE_AGREEMENT,NOT_APPLICABLE,VALUE_PER_STAND,1998,2001,YES,YES,NO,4,163064,
MB07,Manitoba,INDUSTRY,High Rock,FLI,UNKNOWN_VALUE,FLI01,UNKNOWN_VALUE,FLI Users Guide,ESRI_GEODATABASE,UNKNOWN_VALUE,UNKNOWN_VALUE,Melina Houle,8/13/2013,UNKNOWN_VALUE,UNKNOWN_VALUE,"Tony Viveiros, GISP. GIS Database Manager, Conservation and Water Stewardship. Forestry Branch/GeoManitoba. Box 70 - 200 Saulteaux crescent, Winnipeg, MB, R3J 3W3. Phone: 204-806-5848, Email: antonio.viveiros@gov.mb.ca",DIRECT_CONTACT,NOT_SPECIFIED,NOT_SPECIFIED,UNKNOWN_VALUE,NOT_APPLICABLE,VALUE_PER_STAND,2007,2009,YES,YES,NO,4,219682,
MB08,Manitoba,INDUSTRY,Nelson River,FLI,UNKNOWN_VALUE,FLI01,UNKNOWN_VALUE,FLI Users Guide,ESRI_GEODATABASE,2011-2013,UNKNOWN_VALUE,Melina Houle,27/01/2025,HTTP,https://mli.gov.mb.ca/forestry/index.html,"Tony Viveiros, GISP. GIS Database Manager, Conservation and Water Stewardship. Forestry Branch/GeoManitoba. Box 70 - 200 Saulteaux crescent, Winnipeg, MB, R3J 3W3. Phone: 204-806-5848, Email: antonio.viveiros@gov.mb.ca",OPEN_ACCESS,OPEN_WITH_ACKNOWLEDGMENT,NOT_SPECIFIED,LICENSE_AGREEMENT,https://mli.gov.mb.ca/forestry/meta_files/Metadata_LCV_MB_FLI_NELSONRIVER_20112013_PY_FINAL.html,VALUE_PER_STAND,2011,2013,YES,NO,NO,4,101508,
MB10,,,,FLI,,FLI01,,,,,,,,,,,,,,,,,,,NO,YES,NO,4,0,
MB11,,,,FLI,,FLI01,,,,,,,,,,,,,,,,,,,NO,YES,NO,4,0,
MB12,,,,FLI,,FLI01,,,,,,,,,,,,,,,,,,,NO,YES,NO,4,0,
MB13,,,,FLI,,FLI01,,,,,,,,,,,,,,,,,,,NO,YES,NO,4,0,
NB01,New Brunswick,PROV_GOV,New Brunswick Natural Resources,NBI,With Revisions,NBI01,With revisions,NB Natural Resource data dictionary,SHAPEFILE,UNKNOWN_VALUE,UNKNOWN_VALUE,Melina Houle,3/21/2012,FTP,UNKNOWN_VALUE,"Gisele Gaudet, Natural resources. Phone: 506 453-2183. email: gisele.gaudet@gnb.ca",ADMINISTRATVE_PROCESS,REQUIRES_AGREEMENT,RESTRICTED,LICENSE_AGREEMENT,NOT_APPLICABLE,VALUE_PER_STAND,1981,2010,YES,NO,NO,5,927177,"NB inventory comes from 3 sources: DNR (Gagetown), federal parks and provincial inventory. "
NB02,New Brunswick,PROV_GOV,New Brunswick Natural Resources,NBI,UNKNOWN_VALUE,NBI01,With revisions,NB Inventory Data Dictionary,ESRI_GEODATABASE,UNKNOWN_VALUE,4/23/2019,,8/19/2019,HTTP,http://www.snb.ca/geonb1/e/DC/catalogue-E.asp,"Gisele Gaudet, Natural resources. Phone: 506 453-2183. email: gisele.gaudet@gnb.ca",ADMINISTRATVE_PROCESS,REQUIRES_AGREEMENT,RESTRICTED,LICENSE_AGREEMENT,NOT_APPLICABLE,VALUE_PER_STAND,1981,2017,YES,YES,NO,5,1123893,Data dictionary was acquired through email (Rob White) om November 2020
NB03,New Brunswick,PROV_GOV,New Brunswick Natural Resources,NBI,UNKNOWN_VALUE,NBI01,With revisions,NB Inventory Data Dictionary,ESRI_GEODATABASE,UNKNOWN_VALUE,4/23/2019,Graham Stinson,06/05/2020,USB,,Dale Wilson. Email: Dale.A.Wilson@gnb.ca,DIRECT_CONTACT,OPEN_WITH_ACKNOWLEDGMENT,OPEN,LICENSE_AGREEMENT,NOT_APPLICABLE,VALUE_PER_STAND,1981,2019,YES,YES,NO,5,1511418,Data dictionary was acquired through email (Dale Wilson) in June 2020
NB04,New Brunswick,PROV_GOV,New Brunswick Natural Resources,NBI,UNKNOWN_VALUE,NBI01,With revisions,NB Inventory Data Dictionary,ESRI_GEODATABASE,UNKNOWN_VALUE,4/23/2019,Graham Stinson,06/05/2020,USB,,Dale Wilson. Email: Dale.A.Wilson@gnb.ca,DIRECT_CONTACT,REQUIRES_AGREEMENT,RESTRICTED,LICENSE_AGREEMENT,NOT_APPLICABLE,VALUE_PER_STAND,1981,2019,YES,YES,NO,5,0,Data dictionary was acquired through email (Dale Wilson) in June 2020
NB05,New Brunswick,PROV_GOV,New Brunswick Natural Resources,NBI,UNKNOWN_VALUE,NBI01,With revisions,NB Inventory Data Dictionary,ESRI_GEODATABASE,UNKNOWN_VALUE,4/23/2019,Graham Stinson,10/09/2024,USB,,Kyle Schmidt. Email: Kyle.Schmidt@gnb.ca,DIRECT_CONTACT,REQUIRES_AGREEMENT,RESTRICTED,LICENSE_AGREEMENT,NOT_APPLICABLE,VALUE_PER_STAND,1981,2019,YES,YES,NO,5,0,Data dictionary was acquired through email (Dale Wilson) in June 2020
NB06,New Brunswick,PROV_GOV,New Brunswick Natural Resources,NBI,UNKNOWN_VALUE,NBI01,With revisions,NB Inventory Data Dictionary,ESRI_GEODATABASE,UNKNOWN_VALUE,2024,Morgan Thompson,10/09/2024,FTP,,Kyle Schmidt. Email: Kyle.Schmidt@gnb.ca,DIRECT_CONTACT,OPEN_WITH_ACKNOWLEDGMENT,OPEN,LICENSE_AGREEMENT,NOT_APPLICABLE,VALUE_PER_STAND,1981,2019,YES,YES,NO,5,1672622,Data dictionary was acquired through email (Dale Wilson) in June 2020
NB07,New Brunswick,PROV_GOV,New Brunswick Natural Resources,NBI,UNKNOWN_VALUE,NBI01,With revisions,NB Inventory Data Dictionary,ESRI_GEODATABASE,UNKNOWN_VALUE,2024,Morgan Thompson,10/09/2024,FTP,,Kyle Schmidt. Email: Kyle.Schmidt@gnb.ca,DIRECT_CONTACT,REQUIRES_AGREEMENT,RESTRICTED,LICENSE_AGREEMENT,NOT_APPLICABLE,VALUE_PER_STAND,1981,2019,YES,YES,NO,5,0,Data dictionary was acquired through email (Dale Wilson) in June 2020
NB08,New Brunswick,PROV_GOV,New Brunswick Natural Resources,NBI,UNKNOWN_VALUE,NBI01,With revisions,NB Inventory Data Dictionary,ESRI_GEODATABASE,UNKNOWN_VALUE,2024,Morgan Thompson,10/09/2024,FTP,,Kyle Schmidt. Email: Kyle.Schmidt@gnb.ca,DIRECT_CONTACT,REQUIRES_AGREEMENT,RESTRICTED,LICENSE_AGREEMENT,NOT_APPLICABLE,VALUE_PER_STAND,1981,2019,YES,YES,NO,5,0,Data dictionary was acquired through email (Dale Wilson) in June 2020
NL01,Newfoundland and Labrador,PROV_GOV ,Newfoundland/Labrador Department of Natural Resources,Forest Inventory,With Revisions,NLI01,With revisions,NL Data Dictionary,ESRI_COVERAGE,UNKNOWN_VALUE,UNKNOWN_VALUE,Steven G. Cumming,08/12/2009,DVD,NOT_APPLICABLE,"Scott Payne, Department of Natural Resources, P.O. Box 2006, Fortis Building, 4 Herald Avenue, Corner Brook, NL. A2H 6J8. Phone: (709) 637-2353. Fax: (709) 634-4378. E-mail: sepayne@gov.nl.ca",DIRECT_CONTACT,OPEN_FOR_BEACON_AND_BAM_PROJECTS,RESTRICTED,EMAIL_AGREEMENT,NOT_APPLICABLE,SPATIAL_JOIN,1978,2006,YES,NO,NO,5,1863664,
NL02,Newfoundland and Labrador,PROV_GOV ,Newfoundland/Labrador Department of Natural Resources,Forest Inventory,,NLI02,,,,UNKNOWN_VALUE,08/12/2023,Diego Wu,17/02/2025,HTTP,https://geohub-gnl.hub.arcgis.com/maps/ea86e8a2a296425bb4eff8fb8ee40f97/about,UNKNOWN_VALUE,OPEN_ACCESS,OPEN_WITH_ACKNOWLEDGMENT,UNRESTRICTED,LICENSE_AGREEMENT,NOT_APPLICABLE,,,,YES,YES,NO,5,2612451,
NS01,Nova Scotia,PROV_GOV,Nova Scotia Department of Natural Resources,Forest Inventory,UNKNOWN_VALUE,NSI01,UNKNOWN_VALUE,Forest inventory manual,SHAPEFILE,UNKNOWN_VALUE,UNKNOWN_VALUE,Melina Houle,1/27/2012,HTTP,https://novascotia.ca/natr/forestry/gis/DL_forestry-cycle1.asp,"Data Distributor, P.O. Box 68 Truro, N.S. B2N 5B8. Telephone: 902-893-5655. Fax: 902-893-6102. E-Mail: turnerca@gov.ns.ca",OPEN_ACCESS,OPEN_WITH_ACKNOWLEDGMENT,UNRESTRICTED,LICENSE_AGREEMENT,http://novascotia.ca/natr/forestry/gis/licence.asp?url=downloads.asp,VALUE_PER_STAND,1988,2006,YES,NO,NO,5,1127926,Not used in CASFRI v4.
NS02,Nova Scotia,PROV_GOV ,Nova Scotia Department of Natural Resources,Forest Inventory,UNKNOWN_VALUE,NSI01,UNKNOWN_VALUE,UNKNOWN_VALUE,ESRI_GEODATABASE,UNKNOWN_VALUE,UNKNOWN_VALUE,Melina Houle,10/17/2014,HTTP,https://novascotia.ca/natr/forestry/gis/DL_forestry-cycle2.asp,"Data Distributor, P.O. Box 68 Truro, N.S. B2N 5B8. Telephone: 902-893-5655. Fax: 902-893-6102. E-Mail: turnerca@gov.ns.ca",OPEN_ACCESS,OPEN_WITH_ACKNOWLEDGMENT,UNRESTRICTED,LICENSE_AGREEMENT,NOT_APPLICABLE,VALUE_PER_STAND,1988,2008,YES,NO,NO,5,1090671,
NS03,Nova Scotia,PROV_GOV ,Nova Scotia Department of Natural Resources,Forest Inventory,UNKNOWN_VALUE,NSI01,UNKNOWN_VALUE,Forest Inventory - Current Forest Data (Web Version- 2016),SHAPEFILE,UNKNOWN_VALUE,UNKNOWN_VALUE,,5/27/2020,HTTP,https://novascotia.ca/natr/forestry/gis/dl_forestry.asp,UNKNOWN_VALUE,OPEN_ACCESS,OPEN_WITH_ACKNOWLEDGMENT,UNRESTRICTED,LICENSE_AGREEMENT,NOT_APPLICABLE,VALUE_PER_STAND,1992,2014,YES,YES,NO,5,995886,"Cycle 3. This version of the forest inventory is a combination of Interpretation Cycles 2 and 3 with additional updates based on satellite imagery and field data. This data is dynamic and different areas of the province are in different stages of completion. This version of data is updated as work in individual counties is completed. Photography years: 1995-Present. Cape Breton, Richmond, Inverness and Victoria counties updated June 2015. All counties now contain VOLUME, BASAL AREA and AVERAGE DIAMETER attribute data. Please refer to the metadata for more information."
NS04,Nova Scotia,PROV_GOV ,Nova Scotia Department of Natural Resources,Forest Inventory,,NSI01,,,,,,,,,,,,,,,,,,,YES,YES,NO,5,1004111,
NT01,Northwest Territories,TERRITORY,"Government of Northwestern Territories, Environment and Natural Resources, Forest Managment Division",NWTFVI,3,FVI01,UNKNOWN_VALUE,FVI manual v3.0,SHAPEFILE,UNKNOWN_VALUE,UNKNOWN_VALUE,Steven G. Cumming,3/18/2008,EMAIL,NOT_APPLICABLE,"Lisa Smith, Inventory and Analysis Forester Forest Resources, Forest Management Division Department of Environment and Natural Resources Government of the NWT Box 4354, Lot 173 Hay River, Reserve Hay River, NT, X0E 1G3. Tel: (867) 874-2009. Fax: (867) 874-6236. email: Lisa_Smith@gov.nt.ca",DIRECT_CONTACT,REQUIRES_AGREEMENT,RESTRICTED,EXPIRED,NOT_APPLICABLE,VALUE_PER_STAND,2003,2006,YES,NO,NO,6,281388,Not used in CASFRI v4.
NT02,Northwest Territories,TERRITORY,"Government of Northwestern Territories, Environment and Natural Resources, Forest Managment Division",NWTFVI,3,FVI01,UNKNOWN_VALUE,FVI manual v3.0,ESRI_GEODATABASE,UNKNOWN_VALUE,UNKNOWN_VALUE,Melina Houle,03/06/2015,TEMPORARY_HTTP,UNKNOWN_VALUE,"Tom Lakusta, Manager, Forest Resources. Forest Management Division, Environment and Natural Resources. Government of the Northwest Territories. Box 4354, #173 Hay River Dene Reserve, Hay River, NT, X0E 1G3. Tel: 867-874-2009. E-mail: tom_lakusta@gov.nt.ca",DIRECT_CONTACT,REQUIRES_AGREEMENT,RESTRICTED,UNKNOWN_VALUE,NOT_APPLICABLE,RELATIONAL_JOIN,1960,2013,NO,NO,NO,6,0,"This inventory was replaced by NT03, which is the same territorie version with fixed errors."
NT03,Northwest Territories,TERRITORY,"Government of Northwestern Territories, Environment and Natural Resources, Forest Managment Division",NWTFVI,4,FVI01,UNKNOWN_VALUE,FVI manual v4.1,ESRI_GEODATABASE,UNKNOWN_VALUE,2012,Melina Houle,17/12/2020,TEMPORARY_HTTP,https://sft.gov.nt.ca/message/cEjNCJEIEPGsPYKPiAtUh3,Kathleen Groenewegen,DIRECT_CONTACT,REQUIRES_AGREEMENT,RESTRICTED,Valide 2 years from date of acquisition,NOT_APPLICABLE,VALUE_PER_STAND,1960,2013,YES,YES,NO,6,320526,Same as NT02 with fixed errors
NT04,Northwest Territories,TERRITORY,"Government of Northwestern Territories, Environment and Natural Resources, Forest Managment Division",NWTFVI,6,FVI01,UNKNOWN_VALUE,FVI manual v6.0,ESRI_GEODATABASE,2015,2021,Morgan Thompson,25/02/2022,FSS,https://ca.nfis.org/fss/,"Kathleen Groenewegen, E-Mail: Kathleen_Groenewegan@gov.nt.ca",DIRECT_CONTACT,REQUIRES_AGREEMENT,RESTRICTED,UNKNOWN_VALUE,NOT_APPLICABLE,,2015,2022,YES,YES,NO,6,53360,"Received with NT03 dataset, NT04 is another layer covering 2015+ under the new FVI standard"
ON01,Ontario,PROV_GOV,Ontario Ministry of Natural Resources,FRI-FIM,FIM1,FIM01,UNKNOWN_VALUE,FIM technical specifications,"ACCESS_DATABASE, SHAPEFILE",UNKNOWN_VALUE,UNKNOWN_VALUE,Steven G. Cumming,9/20/2009,DVD,NOT_APPLICABLE,Larry Watkins. Email: larry.watkins@ontario.ca,ADMINISTRATVE_PROCESS,REQUIRES_AGREEMENT,RESTRICTED,LICENSE_AGREEMENT,NOT_APPLICABLE,VALUE_PER_STAND,1957,2009,YES,NO,NO,6,4106417,The license is filled but not sign
ON02,Ontario,PROV_GOV,Ontario Ministry of Natural Resources,FIM,FIM,FIM01,UNKNOWN_VALUE,UNKNOWN_VALUE,ESRI_GEODATABASE,UNKNOWN_VALUE,UNKNOWN_VALUE,Melina Houle,"April 15,2018",HTTP,https://geohub.lio.gov.on.ca/,UNKNOWN_VALUE,UNKNOWN_VALUE,UNKNOWN_VALUE,UNKNOWN_VALUE,UNKNOWN_VALUE,NOT_APPLICABLE,VALUE_PER_STAND,1933,2016,YES,YES,NO,6,3629072,Not used in CASFRI v4
PC01,Prince Albert National Park,FED_GOV,Park Canada,PCA,UNKNOWN_VALUE,PCA01,UNKNOWN_VALUE,PANP Code interpretations,ESRI_COVERAGE,UNKNOWN_VALUE,UNKNOWN_VALUE,Steven G. Cumming,2005,UNKNOWN_VALUE,NOT_APPLICABLE,Jeff Wier (jeff.wier@pc.gc.ca),DIRECT_CONTACT,NOT_SPECIFIED,UNKNOWN_VALUE,UNKNOWN_VALUE,NOT_APPLICABLE,GLOBAL_INVENTORY,1968,1968,YES,NO,YES,6,8094,Came from the government of Saskatchewan
PC02,WoodBuffalo National Park,FED_GOV,Park Canada,PCA,UNKNOWN_VALUE,PCA02,UNKNOWN_VALUE,WBNPBiophysical dictionnary,SHAPEFILE,UNKNOWN_VALUE,UNKNOWN_VALUE,Steven G. Cumming,4/21/2008,EMAIL,NOT_APPLICABLE,"Dawn Andrews. Ecosystem Geomatic Technician. Southwestern NWT Field unit. Park Canada Box 750 - 149 McDougal Rd, Fort Smith, NWT, X0E 0P0. email: Dawn.Andrews@pc.gc.ca. Phone: 867 872-7936",DIRECT_CONTACT,NOT_SPECIFIED,RESTRICTED,LICENSE_AGREEMENT,NOT_APPLICABLE,GLOBAL_INVENTORY,1975,1979,YES,NO,YES,6,1053,
PE01,Prince Edward Island,PROV_GOV,"PEI Department of Environment, Energy & Forestry",FI,1990,PEI01,UNKNOWN_VALUE,PE Documentations,SHAPEFILE,1990,UNKNOWN_VALUE,Melina Houle,02/07/2012,HTTP,http://www.gov.pe.ca/gis/index.php3?number=77555,"PEI Dept of Environment, Energy & Forestry, Forests, Fish & Wildlife Division, c/o Mary Lynn McCourt, GIS Supervisor, PO Box 2000, Charlottetown, PEI C1A 7N8, Canada. Phone: 902 569-7598 . FAX:902-368-4713. email:mlmccourt@gov.pe.ca",OPEN_ACCESS,REQUIRES_AGREEMENT,UNRESTRICTED,LICENSE_AGREEMENT,NOT_APPLICABLE,GLOBAL_INVENTORY,1990,1990,YES,YES,NO,6,107220,Historical data were also downloaded but not integrated in CASFRI. Note this 1990 is now available from http://www.gov.pe.ca/gis/index.php3?number=1012857&lang=E which is where we got it for CAS05.
PE02,Prince Edward Island,PROV_GOV,"PEI Department of Environment, Energy & Forestry",FI,1990,PEI01,UNKNOWN_VALUE,PE Documentations,SHAPEFILE,2010,24/04/2024,Pierre Racine,21/07/2025,HTTP,https://data-princeedwardisland-peigov.hub.arcgis.com/datasets/0e4238558ec141039d118009fa3bbb5f_0/about,"PEI Dept of Environment, Energy & Forestry, Forests, Fish & Wildlife Division, c/o Mary Lynn McCourt, GIS Supervisor, PO Box 2000, Charlottetown, PEI C1A 7N8, Canada. Phone: 902 569-7598 . FAX:902-368-4713. email:mlmccourt@gov.pe.ca",OPEN_ACCESS,OPEN_WITH_ACKNOWLEDGMENT,UNRESTRICTED,LICENSE_AGREEMENT,https://www.princeedwardisland.ca/en/information/finance/open-government-licence-prince-edward-island,GLOBAL_INVENTORY,2010,2010,YES,YES,NO,6,174944,
PE03,Prince Edward Island,PROV_GOV,"PEI Department of Environment, Energy & Forestry",FI,1990,PEI01,UNKNOWN_VALUE,PE Documentations,SHAPEFILE,2000,UNKNOWN_VALUE,Pierre Racine,21/07/2025,EMAIL,NOT_APPLICABLE,"PEI Dept of Environment, Energy & Forestry, Forests, Fish & Wildlife Division, c/o Mary Lynn McCourt, GIS Supervisor, PO Box 2000, Charlottetown, PEI C1A 7N8, Canada. Phone: 902 569-7598 . FAX:902-368-4713. email:mlmccourt@gov.pe.ca",OPEN_ACCESS,OPEN_WITH_ACKNOWLEDGMENT,UNRESTRICTED,LICENSE_AGREEMENT,https://www.princeedwardisland.ca/en/information/finance/open-government-licence-prince-edward-island,GLOBAL_INVENTORY,2000,2000,YES,YES,NO,6,188020,"Acquired from Morgan Thompson, Canada Forest Service, Victoria (morgan.thompson@nrcan-rncan.gc.ca) because not available on the web anymore."
PE04,Prince Edward Island,PROV_GOV,"PEI Department of Environment, Energy & Forestry",FI,1990,PEI01,UNKNOWN_VALUE,PE Documentations,SHAPEFILE,2020,06/11/2024,Pierre Racine,21/07/2025,HTTP,https://data-princeedwardisland-peigov.hub.arcgis.com/datasets/34f8799c501840b39df5466f02e0a42d_8/about,"PEI Dept of Environment, Energy & Forestry, Forests, Fish & Wildlife Division, c/o Mary Lynn McCourt, GIS Supervisor, PO Box 2000, Charlottetown, PEI C1A 7N8, Canada. Phone: 902 569-7598 . FAX:902-368-4713. email:mlmccourt@gov.pe.ca",OPEN_ACCESS,OPEN_WITH_ACKNOWLEDGMENT,UNRESTRICTED,LICENSE_AGREEMENT,https://www.princeedwardisland.ca/en/information/finance/open-government-licence-prince-edward-island,GLOBAL_INVENTORY,2020,2020,YES,YES,NO,6,175592,
QC01,Quebec,PROV_GOV,Ministere des Ressources Naturelles et de la Faune,INITIALE,3rd,INI03,UNKNOWN_VALUE,Norme-cartographie-ecoforestiere 2009,SHAPEFILE,UNKNOWN_VALUE,UNKNOWN_VALUE,Steven G. Cumming,6/26/2008,FTP,UNKNOWN_VALUE,"Maxime Drouin, MRNF geomatic technologist, Jean-Pierre Saucier and Robert Jobidon. Direction des inventaires forestiers. Ministere des Ressources naturelles et de la Faune. 880 chemin Ste-Foy, Quebec, Qc G1S 4X4. Phone (418) 627-8669 poste 4279. Email: jean.pierre.saucier@mrnf.gouv.qc.ca.  Robert.Jobidon@mrnf.gouv.qc.ca",ADMINISTRATVE_PROCESS,REQUIRES_AGREEMENT,RESTRICTED,EXPIRED,NOT_APPLICABLE,SPATIAL_JOIN,1990,2001,YES,NO,NO,7,5563194,Not used in CASFRI v4.
QC02,Quebec,PROV_GOV,Ministere des Ressources Naturelles et de la Faune,"INITIALE, NAIPF",3rd - 4th,INI03,UNKNOWN_VALUE,Normes de stratification ecoforestiere 2013,ESRI_GEODATABASE,UNKNOWN_VALUE,UNKNOWN_VALUE,Melina Houle,1/23/2013,DVD,NOT_APPLICABLE,Stefano Biondo. Specialiste en ressources documentaires. Bibliotheque Sciendes humaines et sociales. Universite Laval. Phone: 418 656-2131 ext: 11591,ADMINISTRATVE_PROCESS,REQUIRES_AGREEMENT,RESTRICTED,LICENSE_AGREEMENT,NOT_APPLICABLE,SPATIAL_JOIN,2000,2011,YES,NO,NO,7,2876326,This inventory is a fraction of Quebec that uses the old INI03 standard (no_prg = 3). It is part of the PEE_MAJ_PROV.gdb downloaded in 2013 
QC03,Quebec,PROV_GOV,Ministere des Ressources Naturelles et de la Faune,INITIALE,3rd ,INI03,UNKNOWN_VALUE,Norme-cartographie-ecoforestiere 2009,ESRI_GEODATABASE,UNKNOWN_VALUE,UNKNOWN_VALUE,Melina Houle,08/09/2020,HTTP,ftp://transfert.mffp.gouv.qc.ca/Public/Diffusion/DonneeGratuite/Foret/DONNEES_FOR_ECO_SUD/Cartes_ecoforestieres_perturbations/CARTE_ECO_MAJ_PROV_10.zip,"Ministere des Forets, de la Faune et des Parcs",OPEN_ACCESS,OPEN_WITH_ACKNOWLEDGMENT,UNRESTRICTED,UNKNOWN_VALUE,NOT_APPLICABLE,VALUE_PER_STAND,1975,2008,YES,YES,NO,7,401188,This inventory is a fraction of Quebec that uses the old INI03 standard (no_prg = 3). It is part of the CARTE_ECO_MAJ_PROV_10.gdb downloaded in 2020. 
QC04,Quebec,PROV_GOV,Ministere des Ressources Naturelles et de la Faune,"INITIALE, MIXTE",4th,INI04,UNKNOWN_VALUE,Normes de stratification ecoforestiere 2013,ESRI_GEODATABASE,UNKNOWN_VALUE,UNKNOWN_VALUE,Melina Houle,08/09/2020,HTTP,ftp://transfert.mffp.gouv.qc.ca/Public/Diffusion/DonneeGratuite/Foret/DONNEES_FOR_ECO_SUD/Cartes_ecoforestieres_perturbations/CARTE_ECO_MAJ_PROV_10.zip,"Ministere des Forets, de la Faune et des Parcs",OPEN_ACCESS,OPEN_WITH_ACKNOWLEDGMENT,UNRESTRICTED,UNKNOWN_VALUE,NOT_APPLICABLE,VALUE_PER_STAND,1975,2015,YES,YES,NO,7,2487519,This inventory is a fraction of Quebec that uses the old IPF04 standard (ver_prg = 'INITIALE' OR (verg_prg = 'MIXTE' AND in_etage = 'N')). It is part of the CARTE_ECO_MAJ_PROV_10.gdb downloaded in 2020. 
QC05,Quebec,PROV_GOV,Ministere des Ressources Naturelles et de la Faune,"NAIPF, AIPF",4th - 5th,IPF05,UNKNOWN_VALUE,Normes de stratification ecoforestiere 2017,ESRI_GEODATABASE,UNKNOWN_VALUE,UNKNOWN_VALUE,Melina Houle,08/09/2020,HTTP,ftp://transfert.mffp.gouv.qc.ca/Public/Diffusion/DonneeGratuite/Foret/DONNEES_FOR_ECO_SUD/Cartes_ecoforestieres_perturbations/CARTE_ECO_MAJ_PROV_10.zip,"Ministere des Forets, de la Faune et des Parcs",OPEN_ACCESS,OPEN_WITH_ACKNOWLEDGMENT,UNRESTRICTED,UNKNOWN_VALUE,NOT_APPLICABLE,VALUE_PER_STAND,2011,2015,YES,YES,NO,7,6768074,This inventory is a fraction of Quebec that uses the  AIPF standard ( ver_prg LIKE '%AIPF% OR (ver_prg='MIXTE' AND in_etage = 'O')). It is part of the CARTE_ECO_MAJ_PROV_10.gdb downloaded in 2020. 
QC06,Quebec,PROV_GOV,Ministere des Ressources Naturelles et de la Faune,"INITIALE, MIXTE",4th,INI04,UNKNOWN_VALUE,Normes de stratification ecoforestiere 2013,ESRI_GEODATABASE,UNKNOWN_VALUE,UNKNOWN_VALUE,Melina Houle,1/23/2013,DVD,NOT_APPLICABLE,Stefano Biondo. Specialiste en ressources documentaires. Bibliotheque Sciendes humaines et sociales. Universite Laval. Phone: 418 656-2131 ext: 11591,ADMINISTRATVE_PROCESS,REQUIRES_AGREEMENT,RESTRICTED,LICENSE_AGREEMENT,NOT_APPLICABLE,SPATIAL_JOIN,1975,2010,YES,NO,NO,8,4809274,This inventory is a fraction of Quebec that uses the old IPF04 standard (ver_prg = 'INITIALE' OR verg_prg = 'MIXTE' ). It is part of the PEE_MAJ_PROV.gdb downloaded in 2013 
QC07,Quebec,PROV_GOV,Ministere des Ressources Naturelles et de la Faune,"NAIPF, AIPF",4th - 5th,IPF05,UNKNOWN_VALUE,Normes de stratification ecoforestiere 2017,ESRI_GEODATABASE,UNKNOWN_VALUE,UNKNOWN_VALUE,Melina Houle,1/23/2013,DVD,NOT_APPLICABLE,Stefano Biondo. Specialiste en ressources documentaires. Bibliotheque Sciendes humaines et sociales. Universite Laval. Phone: 418 656-2131 ext: 11591,ADMINISTRATVE_PROCESS,REQUIRES_AGREEMENT,RESTRICTED,LICENSE_AGREEMENT,NOT_APPLICABLE,SPATIAL_JOIN,2003,2008,YES,NO,NO,8,85057,This inventory is a fraction of Quebec that uses the  NAIPF standard ( ver_prg LIKE '%NAIPF% ). It is part of the PEE_MAJ_PROV.gdb downloaded in 2013 
QC08,Quebec,PROV_GOV,Ministere des Ressources Naturelles et de la Faune,INITIALE,3rd ,INI03,UNKNOWN_VALUE,Norme-cartographie-ecoforestiere 2009,GEOPACKAGE,UNKNOWN_VALUE,UNKNOWN_VALUE,Morgan Thompson,10/08/2023,HTTP,https://www.donneesquebec.ca/recherche/dataset/carte-ecoforestiere-avec-perturbations,"Ministere des Forets, de la Faune et des Parcs",OPEN_ACCESS,OPEN_WITH_ACKNOWLEDGMENT,UNRESTRICTED,UNKNOWN_VALUE,NOT_APPLICABLE,VALUE_PER_STAND,1975,2008,YES,YES,NO,8,404179,This inventory is a fraction of Quebec that uses the old INI03 standard (no_prg = 3). It is part of the CARTE_ECO_MAJ_PROV.gpkg downloaded in 2023. 
QC09,Quebec,PROV_GOV,Ministere des Ressources Naturelles et de la Faune,"INITIALE, MIXTE",4th,INI04,UNKNOWN_VALUE,Normes de stratification ecoforestiere 2013,GEOPACKAGE,UNKNOWN_VALUE,UNKNOWN_VALUE,Morgan Thompson,10/08/2023,HTTP,https://www.donneesquebec.ca/recherche/dataset/carte-ecoforestiere-avec-perturbations,"Ministere des Forets, de la Faune et des Parcs",OPEN_ACCESS,OPEN_WITH_ACKNOWLEDGMENT,UNRESTRICTED,UNKNOWN_VALUE,NOT_APPLICABLE,VALUE_PER_STAND,1975,2015,YES,YES,NO,8,563695,This inventory is a fraction of Quebec that uses the old IPF04 standard (ver_prg = 'INITIALE' OR (verg_prg = 'MIXTE' AND in_etage = 'N')). It is part of the CARTE_ECO_MAJ_PROV.gpkg downloaded in 2023. 
QC10,Quebec,PROV_GOV,Ministere des Ressources Naturelles et de la Faune,"NAIPF, AIPF",4th - 5th,IPF05,UNKNOWN_VALUE,Normes de stratification ecoforestiere 2017,GEOPACKAGE,UNKNOWN_VALUE,UNKNOWN_VALUE,Morgan Thompson,10/08/2023,HTTP,https://www.donneesquebec.ca/recherche/dataset/carte-ecoforestiere-avec-perturbations,"Ministere des Forets, de la Faune et des Parcs",OPEN_ACCESS,OPEN_WITH_ACKNOWLEDGMENT,UNRESTRICTED,UNKNOWN_VALUE,NOT_APPLICABLE,VALUE_PER_STAND,2011,2015,YES,YES,NO,8,8897958,This inventory is a fraction of Quebec that uses the  AIPF standard ( ver_prg LIKE '%AIPF% OR (ver_prg='MIXTE' AND in_etage = 'O')). It is part of the CARTE_ECO_MAJ_PROV.gpkg downloaded in 2023. 
SK01,Saskatchewan,PROV_GOV,Saskatchewan Ministry of Environment,UTM,UNKNOWN_VALUE,UTM01,UNKNOWN_VALUE,SK UTM Data dictionary,ESRI_GEODATABASE,UNKNOWN_VALUE,UNKNOWN_VALUE,Steven G. Cumming,08/12/2009,EMAIL,NOT_APPLICABLE,"Xianhua Kong, A / Inventory Forester, Forest Service, Saskatchewan Ministry of Environment, PO Box 3003, PRINCE ALBERT, SK, S6V 6G1. Phone: 306-953-2458. Fax: 306-953-2360. Email: xianhua.kong@gov.sk.ca",DIRECT_CONTACT,OPEN_FOR_BEACON_AND_BAM_PROJECTS,RESTRICTED,LICENSE_AGREEMENT,NOT_APPLICABLE,VALUE_PER_STAND,1971,2001,YES,NO,NO,9,1501667,"Xianhua Kong asked us in his email ""SASK FVI request"" written in 2009-08-12 to keep the inventory for internal use only. No license has been sign."
SK02,Saskatchewan,PROV_GOV,Saskatchewan Ministry of Environment - Island Forest,SFVI,UNKNOWN_VALUE,SFV01,UNKNOWN_VALUE,SK UTM Data dictionary,ESRI_GEODATABASE,UNKNOWN_VALUE,UNKNOWN_VALUE,Melina Houle,07/08/2014,TEMPORARY_HTTP,UNKNOWN_VALUE,"Thomas Gowen. Government of Saskatchewan, Resource Data Technician, Forest Service, Ministry of Environment. PO Box 3003, Prince Albert, Canada, S6V 6G1. Phone: 306-953-2319",DIRECT_CONTACT,NOT_SPECIFIED,UNKNOWN_VALUE,UNKNOWN_VALUE,NOT_APPLICABLE,RELATIONAL_JOIN,2004,2012,YES,NO,NO,9,27312,
SK03,Saskatchewan,PROV_GOV,Saskatchewan Ministry of Environment - Meadow Lake provincial park,SFVI,UNKNOWN_VALUE,SFV01,UNKNOWN_VALUE,SK UTM Data dictionary,ESRI_GEODATABASE,UNKNOWN_VALUE,UNKNOWN_VALUE,Melina Houle,07/08/2014,TEMPORARY_HTTP,UNKNOWN_VALUE,"Thomas Gowen. Government of Saskatchewan, Resource Data Technician, Forest Service, Ministry of Environment. PO Box 3003, Prince Albert, Canada, S6V 6G1. Phone: 306-953-2319",DIRECT_CONTACT,NOT_SPECIFIED,UNKNOWN_VALUE,UNKNOWN_VALUE,NOT_APPLICABLE,RELATIONAL_JOIN,2008,2008,YES,NO,NO,9,8964,
SK04,Saskatchewan,INDUSTRY,FORSITE - PAFMA,SFVI,UNKNOWN_VALUE,SFV01,UNKNOWN_VALUE,SK UTM Data dictionary,ESRI_GEODATABASE,UNKNOWN_VALUE,UNKNOWN_VALUE,Melina Houle,12/10/2014,FTP,UNKNOWN_VALUE,Shelley Desautels or Cam Browm. Email: cbrown@forsite.ca,DIRECT_CONTACT,REQUIRES_AGREEMENT,RESTRICTED,LICENSE_AGREEMENT,NOT_APPLICABLE,RELATIONAL_JOIN,1998,2005,YES,NO,NO,9,633522,
SK05,Saskatchewan,INDUSTRY,FORSITE - WEYCO,SFVI,UNKNOWN_VALUE,SFV01,UNKNOWN_VALUE,SK UTM Data dictionary,ESRI_GEODATABASE,UNKNOWN_VALUE,UNKNOWN_VALUE,Melina Houle,12/10/2014,FTP,UNKNOWN_VALUE,Shelley Desautels or Cam Browm. Email: cbrown@forsite.ca,DIRECT_CONTACT,REQUIRES_AGREEMENT,RESTRICTED,LICENSE_AGREEMENT,NOT_APPLICABLE,RELATIONAL_JOIN,1998,2004,YES,NO,NO,9,421977,
SK06,Saskatchewan,INDUSTRY,Mistic Management LTD,SFVI,UNKNOWN_VALUE,SFV01,UNKNOWN_VALUE,UNKNOWN_VALUE,ESRI_GEODATABASE,UNKNOWN_VALUE,UNKNOWN_VALUE,Melina Houle,3/16/2015,EMAIL,NOT_APPLICABLE,"Steve Reed or Al Balisky, General Manager. Tel: (306) 236-9708. Email: al.balisky@mistik.ca",DIRECT_CONTACT,REQUIRES_AGREEMENT,RESTRICTED,LICENSE_AGREEMENT,NOT_APPLICABLE,GLOBAL_INVENTORY,1994,2005,YES,NO,NO,9,211482,"Name of the column have been change, but the data follow SFVI standard"
SK07,Saskatchewan,PROV_GOV,Saskatchewan Ministry of Environment,UTM,UNKNOWN_VALUE,UTM01,UNKNOWN_VALUE,SASKATCHEWAN FOREST INVENTORY DATA DICTIONARY & DATABASE STRUCTURE,ESRI_GEODATABASE,UNKNOWN_VALUE,UNKNOWN_VALUE,Morgan Thompson,20/03/2025,HTTP,NOT_APPLICABLE,"Jared Matwishyn. Government of Saskatchewan, Remote Sensing Technician. Forest Service, Ministry of Environment. Prince Albert, Canada  S6V 6G1 Phone  306-940-8352",DIRECT_CONTACT,OPEN_FOR_BEACON_AND_BAM_PROJECTS,RESTRICTED,LICENSE_AGREEMENT,NOT_APPLICABLE,VALUE_PER_STAND,1971,2001,YES,YES,NO,9,1470758,Submitted through NFIS contributions page under CFS CASFRI-MAGPlot data sharing agreement
YT01,Yukon Territory,TERRITORY,"Governement of Yukon, Energy, Mines and Resources department",YVI,2.1,YVI01,UNKNOWN_VALUE,Yukon Veg Inventory Manual,SHAPEFILE,UNKNOWN_VALUE,UNKNOWN_VALUE,Steven G. Cumming,4/18/2008,FTP,UNKNOWN_VALUE,John Wright (JohnG.Wright@gov.yk.ca),DIRECT_CONTACT,OPEN_FOR_BEACON_AND_BAM_PROJECTS,RESTRICTED,LICENSE_AGREEMENT,NOT_APPLICABLE,UNKNOWN_VALUE,1999,2004,YES,NO,NO,9,249636,Not used in CASFRI v4.
YT02,Yukon Territory,TERRITORY,"Governement of Yukon, Energy, Mines and Resources department",YVI,2.1,YVI01,UNKNOWN_VALUE,Yukon Veg Inventory Manual,ESRI_GEODATABASE,UNKNOWN_VALUE,UNKNOWN_VALUE,Melina Houle,07/11/2014,HTTP,http://www.geomaticsyukon.ca/data,Sue Deforest. GIS: Forest Management Branch. Yukon Government. Phone: 867.633.7919,OPEN_ACCESS,OPEN_WITH_ACKNOWLEDGMENT,UNRESTRICTED,UNKNOWN_VALUE,NOT_APPLICABLE,VALUE_PER_STAND,1968,2007,YES,NO,NO,9,231137,
YT03,Yukon Territory,TERRITORY,"Governement of Yukon, Energy, Mines and Resources department",YVI,3,YVI02,UNKNOWN_VALUE,Yukon Vegetation Inventory Manual version 3,ESRI_GEODATABASE,UNKNOWN_VALUE,UNKNOWN_VALUE,Marc Edwards,05/02/2021,FTP,ftp://ftp.geomaticsyukon.ca/GeoYukon/Forestry/Vegetation_Inventory_5k/,UNKNOWN_VALUE,OPEN_ACCESS,OPEN_WITH_ACKNOWLEDGMENT,UNRESTRICTED,UNKNOWN_VALUE,NOT_APPLICABLE,VALUE_PER_STAND,2007,2012,YES,YES,NO,9,71073,Documentation requested from Robin Sharples on Feb 5 2021. Kristian provided her contact info. 'Our current contact is Robin (Robin.Sharples@yukon.ca) who is the acting director at Yukon Forest Management Branch'
YT04,Yukon Territory,TERRITORY,"Governement of Yukon, Energy, Mines and Resources department",YVI,2.1,YVI01,UNKNOWN_VALUE,Yukon Vegetation Inventory Manual version 3,SHAPEFILE,UNKNOWN_VALUE,UNKNOWN_VALUE,Morgan Thompson,05/02/2021,FTP,,UNKNOWN_VALUE,OPEN_ACCESS,OPEN_WITH_ACKNOWLEDGMENT,UNRESTRICTED,LICENSE_AGREEMENT,NOT_APPLICABLE,VALUE_PER_STAND,2007,2012,YES,YES,NO,9,231137,Documentation requested from Robin Sharples on Feb 5 2021. Kristian provided her contact info. 'Our current contact is Robin (Robin.Sharples@yukon.ca) who is the acting director at Yukon Forest Management Branch'
DS01,Canada,FED_GOV,Canadian Forest Service,No standard. CFS (Canadian Forest Service),UNKNOWN_VALUE,CFS01,UNKNOWN_VALUE,Canadian National Fire Database (CNFDB),SHAPEFILE,2021,2021,Pierre Racine,01/11/2023,HTTP,https://cwfis.cfs.nrcan.gc.ca/ha/nfdb,"John Little, Canadian Forest Service, Northern Forestry Centre, 5320 122 Street Northwest, Edmonton, Alberta, T6H 3S5. Tel.: (825) 510-1166 Email: john.little@NRCan-RNCan.gc.ca",OPEN_ACCESS,OPEN_WITH_ACKNOWLEDGMENT,UNRESTRICTED,LICENSE_AGREEMENT,http://cfs.nrcan.gc.ca/common/cwfis/End_User_Agreement_EN.html,VALUE_PER_STAND,1917,2020,YES,NO,NO,10,59539,
DS02,Canada,FED_GOV,Canadian Council of Forest Ministers,No standard. LSD (Landsat Derived),UNKNOWN_VALUE,CFS01,UNKNOWN_VALUE,National Terrestrial Ecosystem Monitoring System (NTEMS),RASTER_TIFF,2016,2016,Pierre Racine,01/11/2023,HTTP,https://opendata.nfis.org/mapserver/nfis-change_eng.html,"Txomin Hermosilla. Integrated Remote Sensing Studio, Department of Forest Resources Management, University of British Columbia, Vancouver, BC, Canada. Email: txomin.hermosilla@ubc.ca
txominhermos@gmail.com",OPEN_ACCESS,OPEN_WITH_ACKNOWLEDGMENT,UNRESTRICTED,LICENSE_AGREEMENT,http://ouvert.canada.ca/fr/licence-du-gouvernement-ouvert-canada,VALUE_PER_STAND,1985,2020,YES,NO,NO,10,15358919,
DS03,Canada,FED_GOV,Canadian Forest Service,No standard. LSD (Landsat Derived),UNKNOWN_VALUE,CFS01,UNKNOWN_VALUE,Canada Landsat Disturbance (CanLaD) 2017,RASTER_TIFF,2017,2018,Pierre Racine,01/11/2023,HTTP,https://open.canada.ca/data/en/dataset/add1346b-f632-4eb9-a83d-a662b38655ad,"Luc Guindon, Canadian Forest Service, Natural Resources Canada, Government of Canada, 1055 rue du P.E.P.S., C.P. 10380, succ. Sainte-Foy. Phone: 1 (418) 649-6131. Email: luc.guindon@canada.ca",OPEN_ACCESS,OPEN_WITH_ACKNOWLEDGMENT,UNRESTRICTED,LICENSE_AGREEMENT,http://ouvert.canada.ca/fr/licence-du-gouvernement-ouvert-canada,VALUE_PER_STAND,1985,2015,YES,NO,NO,10,27593270,
DS04,Canada,FED_GOV,Environment Canada,BEAD,UNKNOWN_VALUE,BEA01,UNKNOWN_VALUE,Boreal ecosystem anthropogenic polygonal disturbance vector data for Canada based on 2008 to 2010 Landsat imagery,SHAPEFILE,2013,2013,Pierre Racine,01/11/2023,HTTP,https://open.canada.ca/data/en/dataset/afd0ce47-17c3-445c-b823-2f86409da2e0/resource/cebb1f10-b22e-4950-b9bc-5d3679005ef4,Jon Pasher. Email: jon.pasher@ec.gc.ca,OPEN_ACCESS,OPEN_WITH_ACKNOWLEDGMENT,UNRESTRICTED,UNKNOWN_VALUE,NOT_APPLICABLE,GLOBAL_INVENTORY,2008,2010,YES,NO,NO,10,206849,
DS05,Canada,FED_GOV,Canadian Forest Service,No standard. LSD (Landsat Derived),UNKNOWN_VALUE,CFS02,UNKNOWN_VALUE,Canada Landsat Disturbance (CanLaD) pre-1985,RASTER_TIFF,2024,2024,Diego Wu,01/30/2025,HTTP,https://open.canada.ca/data/en/dataset/660b7c6a-cdec-4c02-90c7-d63e91825c42,"Luc Guindon, Canadian Forest Service, Natural Resources Canada, Government of Canada, 1055 rue du P.E.P.S., C.P. 10380, succ. Sainte-Foy. Phone: 1 (418) 649-6131. Email: luc.guindon@canada.ca",OPEN_ACCESS,OPEN_WITH_ACKNOWLEDGMENT,UNRESTRICTED,LICENSE_AGREEMENT,http://ouvert.canada.ca/fr/licence-du-gouvernement-ouvert-canada,VALUE_PER_STAND,1965,1984,YES,NO,NO,10,13188798,
